{
  "Q1": {
    "query_id": "1",
    "status": "success",
    "execution_time": 48.56917405128479,
    "token_usage": 58958.0,
    "money_cost": 0.014372709999999999,
    "row_count": 5,
    "model_name": "gpt-4o-mini",
    "concurrent_llm_worker": 20,
    "precision": 1.0,
    "recall": 1.0,
    "f1_score": 1.0
  },
  "Q10": {
    "query_id": "10",
    "status": "success",
    "execution_time": 304.3491315841675,
    "token_usage": 1945118.0,
    "money_cost": 0.3352817999999996,
    "row_count": 105,
    "model_name": "gpt-4o-mini",
    "concurrent_llm_worker": 20,
    "spearman_correlation": 0.40764248531634695,
    "kendall_tau": 0.28387982526077377
  },
  "Q2": {
    "query_id": "2",
    "status": "success",
    "execution_time": 230.379896402359,
    "token_usage": 111383.0,
    "money_cost": 0.026013329999999998,
    "row_count": 5,
    "model_name": "gpt-4o-mini",
    "concurrent_llm_worker": 20,
    "precision": 1.0,
    "recall": 1.0,
    "f1_score": 1.0
  },
  "Q3": {
    "query_id": "3",
    "status": "success",
    "execution_time": 141.7862515449524,
    "token_usage": 127385.0,
    "money_cost": 0.02814648,
    "row_count": 1,
    "model_name": "gpt-4o-mini",
    "concurrent_llm_worker": 20,
    "relative_error": 0.5714285714285714,
    "absolute_error": 8.0,
    "mean_absolute_percentage_error": 57.14285714285714
  },
  "Q4": {
    "query_id": "4",
    "status": "success",
    "execution_time": 125.32088422775269,
    "token_usage": 158645.0,
    "money_cost": 0.0313962,
    "row_count": 1,
    "model_name": "gpt-4o-mini",
    "concurrent_llm_worker": 20,
    "relative_error": 0.2142857164144516,
    "absolute_error": 0.025000000496705435,
    "mean_absolute_percentage_error": 21.42857164144516
  },
  "Q5": {
    "query_id": "5",
    "status": "success",
    "execution_time": 121.15024709701538,
    "token_usage": 100727.0,
    "money_cost": 0.02594669,
    "row_count": 10,
    "model_name": "gpt-4o-mini",
    "concurrent_llm_worker": 20,
    "precision": 0.6,
    "recall": 0.6,
    "f1_score": 0.6
  },
  "Q6": {
    "query_id": "6",
    "status": "success",
    "execution_time": 118.41114521026611,
    "token_usage": 100498.0,
    "money_cost": 0.025810939999999997,
    "row_count": 10,
    "model_name": "gpt-4o-mini",
    "concurrent_llm_worker": 20,
    "precision": 0.4444444444444444,
    "recall": 0.4,
    "f1_score": 0.4210526315789474
  },
  "Q7": {
    "query_id": "7",
    "status": "success",
    "execution_time": 8194.916552066803,
    "token_usage": 46029731.0,
    "money_cost": 9.790827439999928,
    "row_count": 37568,
    "model_name": "gpt-4o-mini",
    "concurrent_llm_worker": 20,
    "precision": 0.6240231056744818,
    "recall": 0.897605083088954,
    "f1_score": 0.7362196833032673
  },
  "Q8": {
    "query_id": "8",
    "status": "success",
    "execution_time": 113.89961647987366,
    "token_usage": 157413.0,
    "money_cost": 0.031236599999999996,
    "row_count": 2,
    "model_name": "gpt-4o-mini",
    "concurrent_llm_worker": 20,
    "relative_error": 0.12129380053908355,
    "absolute_error": 6.0,
    "mean_absolute_percentage_error": 12.129380053908354
  },
  "Q9": {
    "query_id": "9",
    "status": "success",
    "execution_time": 88.61497354507446,
    "token_usage": 315421.0,
    "money_cost": 0.05747661999999999,
    "row_count": 256,
    "model_name": "gpt-4o-mini",
    "concurrent_llm_worker": 20,
    "spearman_correlation": 0.70932580519665,
    "kendall_tau": 0.6094859940731072
  }
}