{
  "Q1": {
    "query_id": "1",
    "status": "success",
    "execution_time": 4.399939060211182,
    "token_usage": 8527.0,
    "money_cost": 0.00182625,
    "row_count": 5,
    "model_name": "gpt-4o-mini",
    "concurrent_llm_worker": 20,
    "precision": 1.0,
    "recall": 1.0,
    "f1_score": 1.0
  },
  "Q10": {
    "query_id": "10",
    "status": "success",
    "execution_time": 198.94989156723022,
    "token_usage": 1600958.0,
    "money_cost": 0.3137488499999997,
    "row_count": 105,
    "model_name": "gpt-4o-mini",
    "concurrent_llm_worker": 20,
    "spearman_correlation": 0.4348113331818615,
    "kendall_tau": 0.3050368291699315
  },
  "Q2": {
    "query_id": "2",
    "status": "success",
    "execution_time": 81.80920648574829,
    "token_usage": 41679.0,
    "money_cost": 0.008747549999999998,
    "row_count": 5,
    "model_name": "gpt-4o-mini",
    "concurrent_llm_worker": 20,
    "precision": 1.0,
    "recall": 1.0,
    "f1_score": 1.0
  },
  "Q3": {
    "query_id": "3",
    "status": "success",
    "execution_time": 13.67619776725769,
    "token_usage": 55637.0,
    "money_cost": 0.011645399999999997,
    "row_count": 1,
    "model_name": "gpt-4o-mini",
    "concurrent_llm_worker": 20,
    "relative_error": 0.5714285714285714,
    "absolute_error": 8.0,
    "mean_absolute_percentage_error": 57.14285714285714
  },
  "Q4": {
    "query_id": "4",
    "status": "success",
    "execution_time": 13.598278760910034,
    "token_usage": 81487.0,
    "money_cost": 0.015491399999999997,
    "row_count": 1,
    "model_name": "gpt-4o-mini",
    "concurrent_llm_worker": 20,
    "relative_error": 0.1428571492433548,
    "absolute_error": 0.016666667163372034,
    "mean_absolute_percentage_error": 14.28571492433548
  },
  "Q5": {
    "query_id": "5",
    "status": "success",
    "execution_time": 13.502038478851318,
    "token_usage": 71375.0,
    "money_cost": 0.015411000000000001,
    "row_count": 10,
    "model_name": "gpt-4o-mini",
    "concurrent_llm_worker": 20,
    "precision": 0.7,
    "recall": 0.7,
    "f1_score": 0.7
  },
  "Q6": {
    "query_id": "6",
    "status": "success",
    "execution_time": 12.51637053489685,
    "token_usage": 71235.0,
    "money_cost": 0.01537199999999999,
    "row_count": 10,
    "model_name": "gpt-4o-mini",
    "concurrent_llm_worker": 20,
    "precision": 0.5555555555555556,
    "recall": 0.5,
    "f1_score": 0.5263157894736842
  },
  "Q7": {
    "query_id": "7",
    "status": "success",
    "execution_time": 8004.863784313202,
    "token_usage": 45996407.0,
    "money_cost": 9.782666399999991,
    "row_count": 37481,
    "model_name": "gpt-4o-mini",
    "concurrent_llm_worker": 20,
    "precision": 0.6219574468085106,
    "recall": 0.8929618768328446,
    "f1_score": 0.7332196247617137
  },
  "Q8": {
    "query_id": "8",
    "status": "success",
    "execution_time": 20.943119049072266,
    "token_usage": 80789.0,
    "money_cost": 0.015342600000000001,
    "row_count": 2,
    "model_name": "gpt-4o-mini",
    "concurrent_llm_worker": 20,
    "relative_error": 0.16172506738544473,
    "absolute_error": 8.0,
    "mean_absolute_percentage_error": 16.172506738544474
  },
  "Q9": {
    "query_id": "9",
    "status": "success",
    "execution_time": 44.467398166656494,
    "token_usage": 209486.0,
    "money_cost": 0.041532599999999996,
    "row_count": 256,
    "model_name": "gpt-4o-mini",
    "concurrent_llm_worker": 20,
    "spearman_correlation": 0.7180248414203683,
    "kendall_tau": 0.6185830712577055
  }
}